<beans xmlns="http://www.springframework.org/schema/beans"
	xmlns:xsi="http://www.w3.org/2001/XMLSchema-instance"
	xmlns:context="http://www.springframework.org/schema/context"
	xsi:schemaLocation="http://www.springframework.org/schema/beans
    http://www.springframework.org/schema/beans/spring-beans-3.0.xsd
    http://www.springframework.org/schema/context
    http://www.springframework.org/schema/context/spring-context-3.0.xsd">

	<bean class="com.hp.springcore.Employee" id="emp" autowire="byType"><!-- Employee emp=new Employee(); -->
		<property name="empId" value="111"></property>
		<property name="empName" value="mahesh"></property>
		<property name="empSal" value="23000"></property>
		<property name="empDesg" value="developer"></property>
		<!-- <property name="address" ref="add"></property> -->

	</bean>

	<bean class="com.hp.springcore.Address" id="add">
		<property name="hno" value="908"></property>
		<property name="colony" value="bank colony"></property>
		<property name="city" value="hyderabad"></property>
		<property name="pincode" value="501511"></property>
	</bean>
</beans>